title,organization,department,track,domain,description,published,maxTeams,order
Smart Community Health Monitoring and Early Warning System for Water-Borne Diseases in Rural Northeast India,Ministry of Development of North Eastern Region (MoDoNER),,Software,Health,Develop a smart health surveillance system to detect and prevent water-borne disease outbreaks in rural Northeast India by collecting health data using AI/ML for outbreak prediction monitoring water quality and providing alerts to health officials and communities.,true,,1
Smart Tourist Safety Monitoring and Incident Response System using AI Geo-Fencing and Blockchain-based Digital ID,Ministry of Development of North Eastern Region (MoDoNER),,Software,Open Innovation,Develop a Smart Tourist Safety Monitoring and Incident Response System using AI Geo-Fencing and Blockchain to provide secure digital IDs real-time monitoring and rapid response capabilities for tourists enhancing safety and security.,true,,2
Low-Cost smart transportation solution for Agri produce from remote farms to nearest motorable road in NER Region,Ministry of Development of North Eastern Region (MoDoNER),,Hardware,Transportation,Develop low-cost sustainable road infrastructure in Northeastern India using bamboo and recycled plastic to create prefabricated modular road panels that are durable and erosion-resistant to improve transportation of agricultural produce from remote farms.,true,,3
Image based breed recognition for cattle and buffaloes of India,Ministry of Fisheries Animal Husbandry & Dairying,,Software,Agriculture,Develop an AI-driven solution to accurately identify cattle and buffalo breeds using images to improve data accuracy in the Bharat Pashudhan App addressing breed misclassification by field workers and integrating breed suggestions.,true,,4
Image based Animal Type Classification for cattle and buffaloes,Ministry of Fisheries Animal Husbandry & Dairying,,Software,Agriculture,Automate Animal Type Classification for cattle and buffaloes using AI-driven image analysis to extract body structure parameters and generate standardized scores integrating with the Bharat Pashudhan App to support Rashtriya Gokul Mission.,true,,5
Development of a Digital Farm Management Portal for Implementing Biosecurity Measures in Pig and Poultry Farms,Ministry of Fisheries Animal Husbandry & Dairying,,Software,Agriculture,Develop a digital farm management portal to help pig and poultry farmers implement biosecurity measures including tools for risk assessment training compliance tracking and real-time alerts with a focus on accessibility and data analysis.,true,,6
Development of a Digital Farm Management Portal for Monitoring Maximum Residue Limits and Antimicrobial Usage in Livestock,Ministry of Fisheries Animal Husbandry & Dairying,,Software,Agriculture,Develop a digital farm management portal to monitor antimicrobial usage and ensure compliance with Maximum Residue Limits in livestock tracking drug usage integrating with veterinary records providing alerts and utilizing blockchain.,true,,7
Disaster Preparedness and Response Education System for Schools and Colleges,Government of Punjab,,Software,Open Innovation,Develop a digital platform to provide interactive modules virtual drills and real-time communication tools to improve safety during disasters and address the lack of disaster preparedness education in Indian schools and colleges.,true,,8
Gamified Environmental Education Platform for Schools and Colleges,Government of Punjab,,Software,Education,Develop a gamified platform to motivate students to adopt eco-friendly practices and understand environmental issues through interactive lessons and real-world tasks addressing the lack of engaging environmental education in Indian institutions.,true,,9
Smart Crop Advisory System for Small and Marginal Farmers,Government of Punjab,,Software,Agriculture,Develop a multilingual AI-based mobile app providing location-specific crop advice soil health recommendations weather alerts pest detection and market price tracking for small and marginal farmers in India.,true,,10
Smart Curriculum Activity and Attendance App,Government of Punjab,,Software,Education,Develop an app that automates attendance tracking and provides personalized academic task suggestions to improve student productivity addressing inefficiencies of manual attendance systems and lack of structured activities in educational institutions.,true,,11
Automated Attendance System for Rural Schools,Government of Punjab,,Software,Education,Develop a low-cost user-friendly software or mobile application to automate attendance in rural schools in India reducing errors saving teacher time and improving resource allocation.,true,,12
Real-Time Public Transport Tracking for Small Cities,Government of Punjab,,Software,Transportation,Develop a mobile or web platform providing real-time bus tracking and estimated arrival times optimized for low-bandwidth environments to address the lack of real-time public transport tracking in small cities.,true,,13
Waste Segregation Monitoring System for Urban Local Bodies,Government of Punjab,,Hardware,Waste Management,Develop a system to monitor waste segregation and provide feedback to improve compliance and waste management efficiency for urban local bodies facing challenges in waste segregation.,true,,14
Intelligent Pesticide Sprinkling System Determined by the Infection Level of a Plant,Government of Punjab,,Hardware,Agriculture,Develop an intelligent system that detects plant infections and regulates pesticide application accordingly to address overuse of pesticides in agriculture and promote sustainable farming practices.,true,,15
Automated Student Attendance Monitoring and Analytics System for Colleges,Government of Punjab,,Software,Education,Develop a system that automates student attendance tracking provides analytics for better academic planning and works seamlessly in both in-person and online settings replacing manual college attendance processes.,true,,16
Digital Platform for Centralized Alumni Data Management and Engagement,Government of Punjab,,Software,Education,Develop a centralized system for managing alumni data in educational institutions to improve engagement and leverage alumni networks for mentorship fundraising and other collaborations addressing scattered data and limited communication.,true,,17
Telemedicine Access for Rural Healthcare in Nabha,Government of Punjab,,Software,Health,Improve healthcare delivery in rural areas near Nabha facing staff shortages long travel distances and poor infrastructure through telemedicine and digital health solutions to improve outcomes and reduce financial strain.,true,,18
Digital Learning Platform for Rural School Students in Nabha,Government of Punjab,,Software,Education,Address the lack of digital resources and infrastructure in rural schools in Nabha by developing a digital learning platform to bridge the digital literacy gap and improve access to modern educational content and skills.,true,,19
Development of indigenous contactless Integrated Track Monitoring Systems for Track Recording on Indian Railways,Ministry of Railways,,Hardware,Industry & MSME Innovation,Develop an indigenous contactless Integrated Track Monitoring System to replace costly foreign systems measuring track geometry rail profiles and component conditions with real-time data processing to promote self-reliance and reduce costs.,true,,20
AI based development of Laser based QR Code marking on track fittings on Indian Railways,Ministry of Railways,,Hardware,Transportation,Develop an AI-based system for laser-based QR code marking on track fittings for Indian Railways enabling mobile scanning integrating with existing portals and providing AI-driven reports for quality monitoring and inventory management.,true,,21
Maximizing Section Throughput Using AI-Powered Precise Train Traffic Control,Ministry of Railways,,Software,Transportation,Develop an AI-powered decision-support system to assist controllers in making real-time decisions for train precedence and crossings to maximize section throughput and minimize travel time in Indian Railways.,true,,22
AyurSutra - Panchakarma Patient Management and Therapy Scheduling Software,Ministry of Ayush,,Software,Health,Develop a software solution for Panchakarma patient management and therapy scheduling automating scheduling providing notifications and offering real-time therapy tracking and feedback mechanisms to improve efficiency and patient care.,true,,23
Comprehensive Cloud-Based Practice Management and Nutrient Analysis Software for Ayurvedic Dietitians,Ministry of Ayush,,Software,Health,Develop cloud-based software for Ayurvedic dietitians to create and manage patient-specific diet charts integrating Ayurvedic principles with modern nutritional metrics offering a food database automated diet chart generation and patient management.,true,,24
E-tongue for Dravya identification,Ministry of Ayush,,Hardware,Health,Develop an AI-enabled device incorporating an electronic tongue and analytical techniques for objective quality assessment of herbal samples to classify herbs based on taste profiles and phytochemical composition addressing adulteration and standardization issues.,true,,25
Develop API code to integrate NAMASTE and ICD-11 TM2 into existing EMR systems complying with EHR Standards for India,Ministry of Ayush,,Software,Health,Develop an API to integrate NAMASTE and ICD-11 TM2 into existing EMR systems in India enabling clinicians to record traditional medicine diagnoses map them to ICD-11 codes and include a terminology micro-service with auto-complete translation and FHIR bundle upload.,true,,26
Develop a blockchain-based system for botanical traceability of Ayurvedic herbs including geo-tagging from collection to final formulation label,Ministry of Ayush,,Software,Open Innovation,Develop a blockchain-based system for tracking Ayurvedic herbs from collection to consumer using geo-tagging and smart contracts to ensure quality authenticity and sustainability improving transparency and supporting ethical sourcing.,true,,27
Smart Classroom and Timetable Scheduler,Government of Jharkhand,,Software,Education,Develop an optimized timetable scheduler for higher education institutions considering classroom availability faculty student preferences to maximize resource utilization and minimize conflicts as a web-based platform for authorized personnel.,true,,28
Authenticity Validator for Academia,Government of Jharkhand,,Software,Education,Create a digital platform to verify the authenticity of academic degrees and certificates in Jharkhand using OCR AI and blockchain to cross-verify documents against institutional databases ensuring security and scalability to combat fake credentials.,true,,29
AI-Based Crop Recommendation for Farmers,Government of Jharkhand,,Software,Agriculture,Develop an AI-driven mobile application that provides farmers with personalized crop recommendations integrating real-time data on soil properties weather forecasts market trends and past crop rotation to suggest suitable crops forecast yields and promote sustainable agriculture.,true,,30
Crowdsourced Civic Issue Reporting and Resolution System,Government of Jharkhand,,Software,Waste Management,Create a mobile and web-based system for citizens to report civic issues to the local government allowing users to submit reports with photos location data and descriptions while providing a dashboard for government staff to manage and resolve issues.,true,,31
Development of a Smart Digital Platform to Promote Eco and Cultural Tourism in Jharkhand,Government of Jharkhand,,Software,Open Innovation,Develop a smart digital platform to boost eco and cultural tourism in Jharkhand providing AI-powered itinerary planning blockchain-enabled transactions and an integrated marketplace addressing lack of information and limited digital presence.,true,,32
AI-Based Smart Allocation Engine for PM Internship Scheme,Ministry of Corporate Affairs,,Software,Industry & MSME Innovation,Develop an AI-based system to match PM Internship Scheme applicants with suitable opportunities considering skills preferences and affirmative action to improve selection efficiency with a functional prototype including AI matchmaking and front-end demonstration.,true,,33
AI-Based Internship Recommendation Engine for PM Internship Scheme,Ministry of Corporate Affairs,,Software,Education,Develop an AI-based internship recommendation engine for the PM Internship Scheme helping candidates especially those with limited digital literacy find relevant internships by providing 3-5 personalized suggestions based on candidate profiles.,true,,34
Sentiment analysis of comments received through E-consultation module,Ministry of Corporate Affairs,,Software,Open Innovation,Develop an AI model to analyze comments on draft legislation submitted through an eConsultation module performing sentiment analysis generating summaries and creating word clouds to help users efficiently understand feedback.,true,,35
Development of Sensor for Detection of Microplastics,Ministry of Earth Sciences (MoES),,Hardware,Open Innovation,Develop a low-cost efficient and portable sensor to detect microplastics in water sources using optical detection techniques and machine learning algorithms for real-time analysis that is field-deployable for pollution control.,true,,36
Development of a low-cost camera-based automated beach sand grain size mapping system,Ministry of Earth Sciences (MoES),,Hardware,Open Innovation,Develop a low-cost camera-based system to automatically map beach sand grain size distribution using image processing and GNSS/GPS receiver to classify beach types and monitor changes in sediment over time.,true,,37
Blockchain-Based Blue Carbon Registry and MRV System,Ministry of Earth Sciences (MoES),,Software,Waste Management,Create a blockchain-based system for monitoring reporting and verifying blue carbon ecosystem restoration efforts in India ensuring transparency and accuracy in carbon credit generation utilizing blockchain technology and smart contracts.,true,,38
Integrated Platform for Crowdsourced Ocean Hazard Reporting and Social Media Analytics,Ministry of Earth Sciences (MoES),,Software,Open Innovation,Develop a platform for crowdsourced ocean hazard reporting and social media analytics allowing citizens to report observations visualize data and integrate social media feeds to understand hazard events.,true,,39
FloatChat - AI-Powered Conversational Interface for ARGO Ocean Data Discovery and Visualization,Ministry of Earth Sciences (MoES),,Software,Open Innovation,Develop an AI-powered conversational interface for exploring and visualizing oceanographic data from ARGO floats ingesting NetCDF data converting it to structured formats and using a RAG pipeline with LLMs to translate natural language queries into database queries and generate visualizations.,true,,40
AI-Driven Unified Data Platform for Oceanographic Fisheries and Molecular Biodiversity Insights,Ministry of Earth Sciences (MoES),,Software,Open Innovation,Develop an AI-enabled platform to integrate diverse marine datasets for ecosystem assessment and fisheries management supporting data ingestion analysis and visualization for conservation and sustainable resource utilization as a national marine data backbone.,true,,41
Identifying Taxonomy and Assessing Biodiversity from eDNA Datasets,Ministry of Earth Sciences (MoES),,Software,Open Innovation,Develop an AI-driven pipeline to analyze eDNA data from deep-sea samples to identify eukaryotic taxa and assess biodiversity minimizing reliance on reference databases and reducing computational time.,true,,42
Embedded Intelligent Microscopy System for Identification and Counting of Microscopic Marine Organisms,Ministry of Earth Sciences (MoES),,Hardware,Industry & MSME Innovation,Develop an embedded AI system for identifying and counting microscopic marine organisms from microscopy images to automate labor-intensive manual analysis improving efficiency and accuracy handling overlapping organisms and illumination inconsistencies.,true,,43
AI-Powered Crop Yield Prediction and Optimization,Government of Odisha,,Software,Agriculture,Develop an AI-powered platform to predict crop yields and provide actionable recommendations for farmers using historical data weather patterns and soil metrics to optimize irrigation fertilization and pest control for small-scale farmers.,true,,44
Blockchain-Based Supply Chain Transparency for Agricultural Produce,Government of Odisha,,Software,Agriculture,Develop a blockchain-based system to track agricultural produce from farm to consumer ensuring transparency in pricing quality and origin allowing stakeholders to verify transactions and reduce exploitation in the supply chain.,true,,45
Smart Waste Segregation and Recycling System,Government of Odisha,,Hardware,Waste Management,Develop an IoT-enabled system using sensors and machine learning to automatically classify household waste integrating with municipal waste management for efficient collection and recycling with a prototype device and mobile app for monitoring and incentives.,true,,46
Disaster Response Drone for Remote Areas,Government of Odisha,,Hardware,Open Innovation,Develop a drone-based system for delivering medical supplies and communication devices to remote areas during natural disasters using AI for navigation and obstacle avoidance with a mobile app for coordination.,true,,47
Gamified Learning Platform for Rural Education,Government of Odisha,,Software,Education,Develop a gamified digital platform to improve STEM learning for students in rural schools grades 6-12 featuring interactive games multilingual content and offline access to address limited internet connectivity.,true,,48
AI-Driven Public Health Chatbot for Disease Awareness,Government of Odisha,,Software,Health,Develop a multilingual AI chatbot to educate rural and semi-urban populations about preventive healthcare disease symptoms and vaccination schedules integrating with government health databases and providing real-time outbreak alerts.,true,,49
Smart Traffic Management System for Urban Congestion,Government of Odisha,,Software,Transportation,Develop an AI-powered traffic management system to optimize signal timings and reduce urban congestion using real-time data from cameras and IoT sensors to predict and mitigate traffic bottlenecks reducing commute times.,true,,50
Renewable Energy Monitoring System for Microgrids,Government of Odisha,,Hardware,Open Innovation,Develop an IoT-based monitoring system for solar or wind microgrids in rural areas providing real-time data on energy generation storage and consumption alerting users to inefficiencies improving microgrid efficiency with a mobile app for community operators.,true,,51
AR-Based Cultural Heritage Preservation Platform,Government of Odisha,,Software,Open Innovation,Develop an augmented reality platform to digitize and preserve Indian cultural heritage sites offering virtual tours with historical narratives accessible to users in rural areas with low-bandwidth access.,true,,52
Improved Onion storage technology for enhancing shelf life of onions,Ministry of Consumer Affairs Food & Public Distribution (MoCA F&PD),,Hardware,Agriculture,Develop cost-effective storage solutions that manage temperature and humidity to improve onion storage technology extend shelf life reduce losses and address seasonal price volatility potentially incorporating technological advancements.,true,,53
Automated High-Current Short-Circuit Test System for MCB to comply with IEC 60898-1:2015,Ministry of Consumer Affairs Food & Public Distribution (MoCA F&PD),,Hardware,Industry & MSME Innovation,Develop an automated machine with precise control and data acquisition for accurate and safe testing of Miniature Circuit Breakers to comply with IEC 60898-1:2015 replacing inaccurate time-consuming and risky manual methods.,true,,54
Automated Specimen Preparation System for testing of Cable samples as per IS 10810 and IS 7098,Ministry of Consumer Affairs Food & Public Distribution (MoCA F&PD),,Hardware,Open Innovation,Develop an automated machine for preparing cable specimens for testing according to Indian standards replacing manual processes reducing errors and improving consistency of test results for cable safety and quality.,true,,55
Explore alternative assaying methods to the fire assay method for testing of gold jewellery through non-destructive testing,Ministry of Consumer Affairs Food & Public Distribution (MoCA F&PD),,Hardware,Open Innovation,Develop a non-destructive method to test the purity of gold jewelry replacing the current destructive fire assay method with an accurate approach that handles heterogeneous compositions eliminates harmful emissions and is suitable for regulatory and commercial use.,true,,56
Automated Compliance Checker for Legal Metrology Declarations on E-Commerce Platforms,Ministry of Consumer Affairs Food & Public Distribution (MoCA F&PD),,Hardware,Open Innovation,Develop an AI-powered automated compliance checker for e-commerce platforms to extract text from product images validate information against Legal Metrology regulations flag non-compliance issues and provide a dashboard for regulators to monitor violations.,true,,57
Detection and Prevention of Tampering in Weighing and Measuring instruments,Ministry of Consumer Affairs Food & Public Distribution (MoCA F&PD),,Hardware,Open Innovation,Develop a system to detect and prevent tampering in weighing and measuring instruments identifying both physical and digital tampering attempts in real-time and alerting relevant authorities using AI/ML secure logging and remote verification.,true,,58
Enhancing Student Awareness on difference between Aadhaar linked and DBT enabled Aadhaar seeded bank account,Ministry of Social Justice & Empowerment (MoSJE),,Software,Open Innovation,Develop public awareness programs and solutions to increase student awareness regarding the difference between Aadhaar-linked and DBT-enabled bank accounts to prevent scholarship disbursement delays.,true,,59
Real life solutions for Waste Management,Ministry of Social Justice & Empowerment (MoSJE),,Software,Waste Management,Propose solutions like mandatory citizen training waste worker training community participation and digital monitoring systems to improve waste management in India where a large portion of waste remains untreated and poses environmental risks.,true,,60
Digitize and Showcase Monasteries of Sikkim for Tourism and Cultural Preservation,Government of Sikkim,,Software,Open Innovation,Create a digital platform to showcase the monasteries of Sikkim for tourism and cultural preservation offering virtual tours digital archives interactive maps and integration with local services to boost tourism and preserve cultural assets.,true,,61
Implementation of Smart Agriculture for Efficient Cultivation in Hilly Regions,Government of Sikkim,,Hardware,Agriculture,Implement a smart irrigation system in Jorethang South Sikkim to address water scarcity and improve crop yields using sensors crop database automated controls and rainwater harvesting with a mobile/web dashboard for remote monitoring.,true,,62
Developing a cost effective solution for detecting the breakage of Low Voltage AC Distribution Overhead conductors,Government of Kerala,,Hardware,Open Innovation,Develop a cost-effective solution to detect broken low-voltage AC distribution overhead conductors to prevent electrocution isolate the fault and alert the section office addressing high earth resistance and low fault current issues.,true,,63
Improving Renewable Energy hosting capacity in Distribution Feeders and Power quality during high RE injection,Government of Kerala,,Hardware,Open Innovation,Develop a solution to dynamically reconfigure the distribution network based on renewable energy injection and local demand scenarios to address unbalanced loading and uneven voltage profiles caused by high penetration of rooftop solar PV systems.,true,,64
Application for on-spot assessment of Roof Top Rain water harvesting and artificial recharge potential,Ministry of Jal Shakti,,Software,Industry & MSME Innovation,Develop a web/mobile application to assess feasibility of rooftop rainwater harvesting and artificial recharge providing users with personalized outputs including feasibility checks structure suggestions and cost estimations to promote groundwater conservation.,true,,65
Development of an AI-driven ChatBOT for INGRES as a virtual assistant,Ministry of Jal Shakti,,Software,Industry & MSME Innovation,Develop an AI-driven ChatBOT for the INGRES web application providing groundwater resource data to enable users to easily query data access historical assessments and obtain insights improving accessibility and user engagement.,true,,66
Design and development of application for Heavy Metal Pollution indices,Ministry of Jal Shakti,,Software,Open Innovation,Develop an automated application to compute Heavy Metal Pollution Indices in groundwater integrating groundwater heavy metal concentration datasets with geo-coordinates to streamline calculations reduce errors and provide reliable outputs for stakeholders.,true,,67
Real time Groundwater resource evaluation using DWLR data,Ministry of Jal Shakti,,Software,Open Innovation,Develop a mobile application to evaluate groundwater resources in real-time using data from Digital Water Level Recorders across India analyzing water level fluctuations estimating recharge and providing real-time groundwater availability information to stakeholders.,true,,68
AI-Driven Life Cycle Assessment Tool for Advancing Circularity and Sustainability in Metallurgy and Mining,Ministry of Mines,,Software,Open Innovation,Develop an AI-powered software platform for Life Cycle Assessments in the metals industry focusing on circularity allowing users to input data use AI/ML to predict environmental and circularity indicators visualize circular flow opportunities and generate actionable reports.,true,,69
Secure Data Wiping for Trustworthy IT Asset Recycling,Ministry of Mines,,Software,Open Innovation,Design and prototype a secure cross-platform data wiping application for electronic devices to address the e-waste crisis in India securely erasing data generating tamper-proof wipe certificates and being user-friendly to promote safe disposal and reuse of devices.,true,,70
AI-Based Rockfall Prediction and Alert System for Open-Pit Mines,Ministry of Mines,,Software,Open Innovation,Develop an AI-based system to predict rockfalls in open-pit mines using multi-source data like DEMs drone imagery and geotechnical sensor data with a user-friendly dashboard showing real-time risk maps probability-based forecasts and alert mechanisms.,true,,71
Design and Implementation of Solar-Powered Dewatering in Mining Operations,Ministry of Mines,,Hardware,Open Innovation,Implement a solar-powered dewatering system at a copper mining site to reduce operational costs enhance reliability and promote sustainability utilizing an OPEX model with a third-party vendor and incorporating hybrid backup for uninterrupted pumping.,true,,72
AI-Powered Mobile Platform for Democratizing Sports Talent Assessment,Ministry of Youth Affairs and Sports,,Software,Open Innovation,Develop a mobile-based platform to assess sports talent across India especially in remote areas using AI/ML to analyze videos of athletes performing fitness tests providing instant feedback and securely submitting data.,true,,73
AI-Powered Personal Farming Assistant for Kerala Farmers,Government of Kerala,,Software,Agriculture,Develop an AI-powered personal farming assistant for Kerala farmers providing personalized agricultural advice through a conversational interface in Malayalam tracking farmer activities and offering proactive guidance based on local context.,true,,74
Gamified Platform to Promote Sustainable Farming Practices,Government of Kerala,,Software,Agriculture,Design a gamified digital platform to encourage sustainable farming practices among farmers using interactive challenges rewards and community participation to educate and motivate farmers to adopt eco-friendly methods.,true,,75
AI-Based Farmer Query Support and Advisory System,Government of Kerala,,Software,Agriculture,Develop an AI-powered advisory system for farmers in Kerala enabling them to ask questions in Malayalam and receive instant context-aware answers utilizing natural language processing image recognition and a knowledge engine incorporating location crop and season data.,true,,76
A hardware that can detect and prevent unauthorized use of electric fences,Government of Kerala,,Hardware,Industry & MSME Innovation,Develop hardware to detect and prevent unauthorized use of electric fences to enhance security and potentially reduce associated risks.,true,,77
Software to detect and turn off LT lines when the line breaks,Government of Kerala,,Software,Open Innovation,Develop software to detect and shut down low-tension lines when they break as an alternative to circuit breakers for the Kerala State Electricity Board providing a software solution for disaster management.,true,,78
Document Overload at Kochi Metro Rail Limited - An automated solution,Government of Kerala,,Software,Industry & MSME Innovation,Develop a system to condense contextualize and route critical information from various document sources to relevant stakeholders at Kochi Metro Rail Limited to address document overload hindering decision-making and operational efficiency.,true,,79
AI-Driven Train Induction Planning and Scheduling for Kochi Metro Rail Limited,Government of Kerala,,Software,Industry & MSME Innovation,Develop an AI-driven platform to optimize train induction planning and scheduling for KMRL integrating data enforcing constraints generating optimized schedules and learning from historical data to replace the inefficient manual process.,true,,80
Development of a travel related software app to capture trip related information,Government of Kerala,,Software,Open Innovation,Develop a mobile app for NATPAC to collect travel data including trip number origin time mode and destination from users to improve transportation planning with automatic detection of details and server storage for analysis.,true,,81
Digital Health Record Management System for migrant workers in Kerala,Government of Kerala,,Software,Health,Develop a software solution to manage health records for migrant workers in Kerala to prevent disease transmission improve public health surveillance and support Sustainable Development Goals by ensuring equitable healthcare access.,true,,82
Earthquake stabilised dialysis system for patient safety during seismic events,Government of Kerala,,Hardware,Open Innovation,Develop a stabilization system to ensure continuous dialysis delivery during seismic events to safeguard patient lives addressing the lack of earthquake-resistant technology in dialysis infrastructure in India.,true,,83
Solution for NON-REVENUE LOSS IN WATER SUPPLY and Water Conservation Treatment,Government of Kerala,,Hardware,Open Innovation,Develop solutions to reduce non-revenue water loss improve water conservation awareness and treat wastewater for domestic reuse for the Kerala government's water supply and sanitation agency.,true,,84
GREY WATER MANAGEMENT AND REUSE WET LAND MANAGEMENT WATER CONSERVATION,Government of Kerala,,Hardware,Waste Management,Develop solutions for grey water management and reuse wetland management and water conservation initiatives by the Government of Kerala involving multiple departments.,true,,85
AI-Based Timetable Generation System aligned with NEP 2020 for Multidisciplinary Education Structures,Government of Jammu and Kashmir,,Software,Industry & MSME Innovation,Develop an AI-powered timetable generation system for higher education institutions aligned with NEP 2020 handling complex course structures student preferences faculty workload and resource availability to automate timetable creation and prevent scheduling conflicts.,true,,86
Development of a Digital Mental Health and Psychological Support System for Students in Higher Education,Government of Jammu and Kashmir,,Software,Health,Develop a digital mental health support system for college students including AI-guided support a booking system a resource hub a peer support platform and an admin dashboard for data analysis to address increasing mental health issues.,true,,87
Centralised Digital Platform for Comprehensive student activity record in Higher Education Institutions,Government of Jammu and Kashmir,,Software,Education,Develop a mobile and web application as a Smart Student Hub managing student records and achievements to provide a centralized digital platform tracking and showcasing student activities in higher education institutions.,true,,88
One-Stop Personalized Career and Education Advisor,Government of Jammu and Kashmir,,Software,Education,Develop a personalized digital platform that guides students on subject selection college choices and career options to address declining enrollment in government degree colleges due to lack of awareness about career paths and educational opportunities.,true,,89
Research and redesign sport equipment using Fusion software with Generative Design and Topology Optimization for 3D printing,Autodesk,,Hardware,Education,Redesign sports equipment using Fusion software focusing on additive manufacturing techniques utilizing features like generative design and topology optimization to enhance functionality and efficiency for 3D printing and showcasing innovation.,true,,90
Use Fusion software to generate NC code with machine details and tool library for industrial components,Autodesk,,Hardware,Education,Use Fusion software to generate NC code for industrial components requiring skills in CAD/CAM G-code programming toolpath optimization and machining fundamentals creating viable real-world solutions using CAM systems.,true,,91
Research and develop a design on autonomous small precision focused machine for planting crops or weeding,Autodesk,,Software,Education,Design an autonomous machine for planting crops or weeding focusing on lightweight and flexible design for easy transportation incorporating Industry 4.0 applications like IoT and AI for smart agriculture to optimize crop production.,true,,92
Design a 4-story commercial office building using Revit Architecture and Revit Structure in a BIM environment,Autodesk,,Software,Education,Design a 4-story commercial office building using Revit Architecture and Revit Structure focusing on BIM model integration creating a clash-free model for MEP design quantity takeoff and construction documentation including structural drawings and walkthrough.,true,,93
Remote classroom for rural colleges,Government of Rajasthan,,Software,Education,Create a remote classroom solution for rural colleges with limited bandwidth prioritizing audio quality compressing visual content and supporting interactive sessions while being accessible on entry-level smartphones and financially sustainable.,true,,96
AI-based drop-out prediction and counseling system,Government of Rajasthan,,Software,Industry & MSME Innovation,Develop an AI-based system to predict student drop-out risk by analyzing attendance assessment scores and fee payment data consolidating data to identify at-risk students and notify mentors for early intervention.,true,,97
ERP-based Integrated Student Management system,Government of Rajasthan,,Software,Industry & MSME Innovation,Create an integrated student management system for a college using cloud-based tools to streamline admissions fee collection hostel allocation and examination records eliminating manual data entry and providing real-time institutional overview.,true,,98
Language Agnostic Chatbot,Government of Rajasthan,,Software,Education,Develop a multilingual chatbot for a college to answer student queries in multiple languages including Hindi and local languages deflecting routine inquiries providing 24/7 information access and integrating with existing platforms.,true,,99
Develop computer programs to identify design principles behind Kolam designs and recreate the kolams,AICTE,,Software,Open Innovation,Develop computer programs preferably in Python to identify the design principles of Kolam art a traditional Indian art form and recreate the designs leveraging computational methods to understand and replicate the mathematical and artistic aspects.,true,,100
Development of AI-powered FRA Atlas and WebGIS-based Decision Support System for Forest Rights Act Implementation,Ministry of Tribal Affairs (MoTA),,Software,Open Innovation,Develop an AI-powered FRA Atlas and WebGIS-based Decision Support System to improve Forest Rights Act implementation by digitizing legacy data creating an interactive atlas mapping assets using AI and satellite data and building a DSS to recommend government schemes for FRA holders.,true,,101
Student Innovation - Agriculture FoodTech and Rural Development (Hardware),AICTE,,Hardware,Agriculture,Student innovation challenge to develop innovative solutions for the Indian agricultural sector focusing on enhancing agricultural practices and processing produce leveraging IoT and embedded technology for agriculture food technology and rural development.,true,,102
Student Innovation - Blockchain and Cybersecurity (Software),AICTE,,Software,Open Innovation,Student innovation challenge to leverage decentralized and distributed ledger technology like blockchain for innovative solutions particularly in areas like cryptocurrencies and NFTs exploring how this technology can transform various sectors.,true,,103
Student Innovation - Clean and Green Technology (Hardware),AICTE,,Hardware,Waste Management,Student innovation challenge focusing on clean and green technology specifically addressing waste management and sanitation developing solutions to improve waste segregation disposal and sanitation systems using embedded and IoT technology.,true,,104
Student Innovation - Fitness and Sports (Hardware),AICTE,,Hardware,Open Innovation,Student innovation challenge to generate innovative ideas to enhance fitness activities and promote physical well-being finding solutions that help individuals stay fit and improve overall health through IoT and mobile technological advancements.,true,,105
Student Innovation - Heritage and Culture (Hardware),AICTE,,Hardware,Open Innovation,Student innovation challenge to showcase India's cultural heritage and traditions through innovative hardware solutions organized by AICTE and MIC-Student Innovation.,true,,106
Student Innovation - MedTech BioTech HealthTech (Software),AICTE,,Software,Health,Student innovation challenge fostering innovation in cutting-edge technology particularly in healthcare and related fields highlighting opportunities arising from shifts in healthcare trends and population growth.,true,,107
Student Innovation - Miscellaneous Tertiary Sectors (Software),AICTE,,Software,Open Innovation,Student innovation challenge to generate technology ideas for various tertiary sectors including Hospitality Financial Services Entertainment and Retail organized by AICTE and MIC-Student Innovation.,true,,108
Student Innovation - Renewable and Sustainable Energy (Hardware),AICTE,,Hardware,Open Innovation,Student innovation challenge to generate innovative ideas for managing and generating renewable and sustainable energy sources more efficiently using embedded systems and IoT technology.,true,,109
Student Innovation - Robotics and Drones (Hardware),AICTE,,Hardware,Open Innovation,Student innovation challenge to design drones and robots to address challenges in India such as medical emergencies and search and rescue led by AICTE fostering student innovation in robotics and related hardware.,true,,110
Student Innovation - Smart Automation using AI (Software),AICTE,,Software,Industry & MSME Innovation,Student innovation challenge using artificial intelligence to transform technology and gain insights from various sources intelligently using resources for advancements in technology and smart automation.,true,,111
Student Innovation - Smart Vehicles (Hardware),AICTE,,Hardware,Transportation,Student innovation challenge to develop intelligent devices to enhance the commutation sector organized by AICTE and MIC-Student Innovation with a theme centered around smart vehicles.,true,,112
Student Innovation - Travel and Tourism (Hardware),AICTE,,Hardware,Open Innovation,Student innovation challenge to generate innovative solutions to improve the tourism industry including hotels and travel services boosting the current state of the tourism sector through new ideas and technologies.,true,,113
Student Innovation - Transportation and Logistics (Hardware),AICTE,,Hardware,Transportation,Student innovation challenge addressing challenges related to city resources transport and logistics inviting hardware solutions within the theme of transportation and logistics from students.,true,,114
Student Innovation - Disaster Management (Hardware),AICTE,,Hardware,Open Innovation,Student innovation challenge in disaster management encompassing risk mitigation and planning across various phases of a disaster organized by AICTE and MIC-Student Innovation with a hardware category focus.,true,,115
Student Innovation - Smart Education (Hardware),AICTE,,Hardware,Education,Student innovation challenge in Smart Education aiming to enhance learning through digital technologies making learning more effective efficient flexible and comfortable for students.,true,,116
Student Innovation - Toys and Games (Hardware),AICTE,,Hardware,Open Innovation,Student innovation challenge to design and develop innovative toys and games focusing on conceptualization and hardware development within the toys and games theme.,true,,117
Student Innovation - Space Technology (Hardware),AICTE,,Hardware,Open Innovation,Student innovation challenge for space-related travel and activities such as spaceflight and exploration organized by AICTE and MIC-Student Innovation with a theme centered around space technology hardware.,true,,118
Student Innovation - Agriculture FoodTech and Rural Development (Software),AICTE,,Software,Agriculture,Student innovation challenge to develop software solutions to enhance India's agricultural sector including managing and processing agricultural produce organized by AICTE targeting student innovation.,true,,119
Student Innovation - Blockchain and Cybersecurity (Software - Track 2),AICTE,,Software,Open Innovation,Student innovation challenge to leverage decentralized and distributed ledger technology for innovative software solutions particularly in blockchain cryptocurrencies and NFTs exploring how this technology can transform various sectors.,true,,120
Student Innovation - Clean and Green Technology (Software),AICTE,,Software,Waste Management,Student innovation challenge in clean and green technology specifically addressing waste management and sanitation developing software solutions to improve waste segregation disposal and sanitation systems.,true,,121
Student Innovation - Fitness and Sports (Software),AICTE,,Software,Open Innovation,Student innovation challenge to generate innovative software ideas to enhance fitness activities and promote a healthy lifestyle finding solutions that assist individuals in staying fit.,true,,122
Student Innovation - Heritage and Culture (Software),AICTE,,Software,Open Innovation,Student innovation challenge to generate innovative software ideas that highlight India's cultural heritage and traditions organized by AICTE and MIC-Student Innovation targeting student participation.,true,,123
Student Innovation - MedTech BioTech HealthTech (Software Track 2),AICTE,,Software,Health,Student innovation challenge fostering innovation in cutting-edge technology particularly in healthcare and biotechnology driven by evolving trends and population growth encouraging student participation in developing innovative solutions.,true,,124
Student Innovation - Miscellaneous Tertiary Sectors (Software Track 2),AICTE,,Software,Open Innovation,Student innovation challenge to generate software technology ideas for various tertiary sectors including Hospitality Financial Services Entertainment and Retail organized by AICTE and MIC-Student Innovation.,true,,125
Student Innovation - Renewable and Sustainable Energy (Software),AICTE,,Software,Open Innovation,Student innovation challenge for innovative software ideas to improve the management and generation of renewable and sustainable energy sources enhancing efficiency in this area using web and cloud technologies.,true,,126
Student Innovation - Robotics and Drones (Software),AICTE,,Software,Open Innovation,Student innovation challenge to design software for drones and robots to address challenges in India such as medical emergencies and search and rescue led by AICTE fostering student innovation in robotics-related software.,true,,127
Student Innovation - Smart Automation AI (Software Track 2),AICTE,,Software,Industry & MSME Innovation,Student innovation challenge in technology specifically using AI to explore resources and gain insights for advancements leveraging AI for smart automation and transformation using data analytics.,true,,128
Student Innovation - Smart Vehicles (Software),AICTE,,Software,Transportation,Student innovation challenge to develop intelligent software for the commutation sector organized by AICTE and MIC-Student Innovation with a theme centered around smart vehicles using AI and ML.,true,,129
Student Innovation - Travel and Tourism (Software),AICTE,,Software,Open Innovation,Student innovation challenge to develop innovative software solutions to improve the tourism industry including hotels and travel services boosting the current state of these industries.,true,,130
Student Innovation - Transportation and Logistics (Software),AICTE,,Software,Transportation,Student innovation challenge addressing challenges in city resources transport and logistics inviting software-based solutions for urban issues from students.,true,,131
Student Innovation - Disaster Management (Software),AICTE,,Software,Open Innovation,Student innovation challenge in disaster management encompassing risk mitigation and planning before during and after disasters organized by AICTE and MIC-Student Innovation categorized under software.,true,,132
Student Innovation - Smart Education (Software),AICTE,,Software,Education,Student innovation challenge in Smart Education aiming to enhance learning through digital technologies making learning more effective efficient flexible and comfortable for students using web and mobile applications.,true,,133
Student Innovation - Toys and Games (Software),AICTE,,Software,Open Innovation,Student innovation challenge to design and develop innovative software toys and games focusing on conceptualization and creation within the toys and games theme.,true,,134
Student Innovation - Space Technology (Software),AICTE,,Software,Open Innovation,Student innovation challenge for space-related travel and activities such as spaceflight and exploration organized by AICTE and MIC-Student Innovation with a theme centered around space technology software.,true,,135
Real-time based pressure measurement device to optimize orthotic design and patient outcomes,Ministry of Social Justice & Empowerment (MoSJE),,Hardware,Health,Develop a real-time pressure measurement device Spinobar for spinal orthoses using a sensor array to provide non-invasive real-time data on pressure distribution enabling personalized orthotic adjustments and biomechanical research as a cost-effective solution.,true,,136
Smart Foldable Aluminium Axillary Crutch with IoT Integration for Enhanced Mobility and Rehabilitation,Ministry of Social Justice & Empowerment (MoSJE),,Hardware,Health,Develop a smart foldable axillary crutch using lightweight aluminum incorporating IoT and sensor technology with shock absorption ergonomic design and a mobile app for real-time feedback and fall detection for enhanced mobility and rehabilitation.,true,,137
Development of a Smart Blind Stick for Enhanced Mobility and Safety of Visually Impaired Persons,Ministry of Social Justice & Empowerment (MoSJE),,Hardware,Health,Develop an affordable smart blind stick for visually impaired individuals integrating sensors GPS and IoT providing real-time obstacle detection navigation and an emergency SOS feature to enhance mobility safety and independence.,true,,138
Development of an Affordable Upper Limb Prosthetic Terminal Device for Partial Hand Amputees,Ministry of Social Justice & Empowerment (MoSJE),,Hardware,Health,Develop an affordable functional upper limb prosthetic terminal device for partial hand amputees particularly targeting low-income individuals in India utilizing a push-button mechanism and servo motor-driven gear system focusing on cost-effectiveness and ease of repair.,true,,139
Compact and Portable Soft Insert Contouring Device for 3D-Printed Prosthetic Sockets,Ministry of Social Justice & Empowerment (MoSJE),,Hardware,Health,Develop a compact portable handheld device to contour soft inserts for 3D-printed prosthetic sockets eliminating the need for traditional molds and bulky equipment improving accessibility and efficiency in resource-constrained settings.,true,,140
Dextra - switch-controlled wrist-hand orthosis for enhanced functional independence,Ministry of Social Justice & Empowerment (MoSJE),,Hardware,Health,Design and develop a switch-controlled wrist-hand orthosis using an ESP32 microprocessor and servo motor to provide active control for grasping and releasing objects improving independence in daily activities as a low-cost user-friendly portable device.,true,,141
Loan Utilization Tracking via Mobile,Ministry of Social Justice & Empowerment (MoSJE),,Software,Open Innovation,Develop a mobile app for loan beneficiaries to upload geo-tagged photos/videos of assets purchased with loan funds validated by AI with offline functionality and remote review/approval by State Agency officers to reduce fraud and improve efficiency.,true,,142
Beneficiary Credit Scoring with Income Verification Layer for Direct Digital Lending,Ministry of Social Justice & Empowerment (MoSJE),,Software,Open Innovation,Develop an AI/ML-based credit scoring model for beneficiaries of concessional loans integrating repayment behavior with income assessment using consumption-based metrics classifying beneficiaries into risk bands and enabling direct digital lending for eligible individuals.,true,,143
Identification of Infrastructure Amenities and Service Gaps in SC-Majority Villages for Adarsh Gram Declaration,Ministry of Social Justice & Empowerment (MoSJE),,Software,Open Innovation,Develop a system to identify infrastructure amenity and service gaps in Scheduled Caste majority villages to facilitate development into Adarsh Grams using GIS and data analytics providing real-time project status and a data-driven mechanism for prioritizing interventions.,true,,144
Digital Mechanism for Beneficiary Identification under Grant-in-Aid Component,Ministry of Social Justice & Empowerment (MoSJE),,Software,Open Innovation,Develop a digital mechanism to improve beneficiary identification and tracking for the PM-AJAY grant program addressing inclusion/exclusion errors poor outcome tracking and fragmented data to enhance transparency accountability and livelihood opportunities.,true,,145
Mapping of Implementing and Executing Agencies across PM-AJAY Components,Ministry of Social Justice & Empowerment (MoSJE),,Software,Open Innovation,Develop a centralized mapping system for implementing and executing agencies within the PM-AJAY program to streamline communication improve accountability and optimize fund flow through a digital repository and improved oversight.,true,,146
Modalities for implementation of Direct Benefit Transfer under Centrally Sponsored Scheme for PCR Act and PoA Act,Ministry of Social Justice & Empowerment (MoSJE),,Software,Open Innovation,Develop tech-enabled solutions to improve DBT processes for victims of caste-based discrimination under the PCR and PoA Acts ensuring accurate identification real-time tracking data security transparency and accessibility with national database integration.,true,,147
Transliterations tool for street signs,AICTE,,Software,Open Innovation,Develop a mobile app that can transliterate street signs from any script in India to another to help people unfamiliar with a particular script to read road signs in different regions improving accessibility for travelers and local communities.,true,,148
Instruments in observational Astronomy,AICTE,,Software,Open Innovation,Develop software to generate the dimensions of ancient Indian astronomical instruments yantras for any given latitude and longitude in India used for timekeeping and tracking celestial objects for educational and research purposes.,true,,149
Identify the mudras in Bharatiya natya forms,AICTE,,Software,Open Innovation,Develop algorithms using machine learning to recognize mudras hand gestures from images or videos in Indian dance forms expanding beyond existing work on Kathakali to cover multiple dance forms.,true,,150
Chandas Identifier,AICTE,,Software,Open Innovation,Develop a program to identify the type of Chandas rhythm in a given Shloka verse based on the arrangement of short and long syllables using principles of Chandas Shastra involving binary numbers and combinatorial mathematics.,true,,151
Real-Time AI/ML-Based Phishing Detection and Prevention System,AICTE,,Software,Open Innovation,Develop a real-time phishing detection and prevention framework using AI/ML NLP and graph-based analytics to address the ineffectiveness of current anti-phishing systems against sophisticated and evolving cyber threats.,true,,152
AI-Driven Next-Generation Firewall for Dynamic Threat Detection and Zero Trust Implementation,AICTE,,Software,Open Innovation,Develop an AI-powered Next-Generation Firewall integrating deep learning NLP and graph-based anomaly detection for intelligent security enforcement and Zero Trust implementation addressing limitations of traditional firewalls against advanced cyber threats.,true,,153
Mitigating National Security Risks Posed by Large Language Models in AI-Driven Malign Information Operations,AICTE,,Software,Open Innovation,Develop a framework to detect analyze and mitigate the misuse of LLMs in malicious information operations incorporating AI machine learning and cyber defense methodologies to address national security risks.,true,,154
Automated Optical Inspection based IC marking to identify fake marking,Bharat Electronics Limited (BEL),,Software,Industry & MSME Innovation,Develop an automated optical inspection system to capture and verify IC markings against OEM specifications to prevent counterfeit components from entering the production line in high-volume electronics manufacturing reducing delays and costs.,true,,155
Self-Healing Computing Elements,Bharat Electronics Limited (BEL),,Hardware,Open Innovation,Design an embedded system with redundant pathways and reconfigurable logic to autonomously detect and bypass faulty circuit sections in real-time creating a self-healing computing platform that maintains uninterrupted operation without manual intervention.,true,,156
Designing an Efficient Algorithm for Coordinated Swarm Engagement among Autonomous Drones to neutralize adversarial drone swarm,Bharat Electronics Limited (BEL),,Hardware,Open Innovation,Develop a decentralized swarm maneuver algorithm for autonomous drones to neutralize adversarial drone swarms and protect ground assets enabling collaborative engagement of hostile drones functioning even in communication-denied environments.,true,,157
Temple and Pilgrimage Crowd Management for Somnath Dwarka Ambaji Pavagadh,Government of Gujarat,,Software,Open Innovation,Develop technology-driven solutions to manage large crowds at pilgrimage sites in Gujarat addressing overcrowding safety and inefficient resource allocation to improve the pilgrim experience ensuring safety and convenience.,true,,158
Smart Sabarmati Riverfront and Urban Water Bodies Management,Government of Gujarat,,Software,Waste Management,Develop smart solutions for the Sabarmati Riverfront and other urban water bodies to address water quality degradation waste management and safety concerns using IoT AI GIS and data analytics to create innovative scalable solutions.,true,,159
AI and IoT Powered System for Real Time Elephant Movement Detection and Prevention of Human-Elephant Conflict in Chhattisgarh,Government of Chhattisgarh,,Software,Open Innovation,Develop an AI and IoT-powered system to detect elephant movement in real-time alert communities and prevent human-elephant conflict in Chhattisgarh integrating various sensors utilizing AI/ML for detection and prediction and providing alerts via mobile apps and dashboards.,true,,160
Enhancing farmer productivity through innovative technology solutions,Ministry of Agriculture & Farmers Welfare (MoA&FW),,Software,Agriculture,Develop innovative technology solutions under the Digital Agriculture Division to enhance farmer productivity focusing on agriculture food technology and rural development.,true,,161
LunaBot - Autonomous Navigation of Robot for Lunar Habitats,Indian Space Research Organisation (ISRO),,Hardware,Open Innovation,Develop a ROS-based autonomous robot for lunar habitats that can navigate map and monitor the environment performing maintenance tasks in a simulated lunar environment to reduce astronaut workload and ensure habitat safety.,true,,162
Enhancing OpenAI GPT-OSS with Multimodal Vision Capabilities extensible to ISRO EO Data,Indian Space Research Organisation (ISRO),,Software,Open Innovation,Enhance OpenAI's GPT-OSS with multimodal vision capabilities enabling it to process and reason over images with alignment of vision embeddings with the LLM extensible to ISRO Earth Observation data for land cover classification and environmental monitoring.,true,,163
Optical-Guided Super-Resolution for Thermal IR Imagery,Indian Space Research Organisation (ISRO),,Software,Open Innovation,Develop a deep learning pipeline to generate high-resolution thermal IR imagery by fusing thermal and optical data creating super-resolved thermal maps that maintain temperature accuracy while capturing spatial details addressing multi-sensor alignment and modality fusion challenges.,true,,164
Transformer based end-to-end Web Application Firewall pipeline,Indian Space Research Organisation (ISRO),,Software,Open Innovation,Build a transformer-based Web Application Firewall pipeline to detect anomalies in web traffic supporting both batch and streaming log ingestion continuous model updates and demonstrating live detection of malicious requests.,true,,165
Conversational SIEM Assistant for Investigation and Automated Threat Reporting using NLP,Indian Space Research Organisation (ISRO),,Software,Open Innovation,Build an NLP-powered assistant for ELK-based SIEMs to enable conversational investigations and automated report generation translating natural language queries into SIEM queries supporting multi-turn interactions and presenting results in various formats.,true,,166
Neural Net based Android Application for Real-Time Fish Catch Identification Health and Volume Estimation,Indian Space Research Organisation (ISRO),,Software,Agriculture,Develop an Android application using AI to identify fish species estimate their health and volume and store results with geotagging working offline in low-connectivity environments and providing instant verification of catch for various stakeholders.,true,,167
MAITRI - An AI Assistant for Psychological and Physical Well-Being of Astronauts,Indian Space Research Organisation (ISRO),,Software,Health,Develop a multimodal AI assistant MAITRI to monitor the emotional and physical well-being of astronauts using audio-video inputs providing psychological support and adaptive conversations to maintain balanced emotional state and report critical issues to ground.,true,,168
AI/ML based models to predict time-varying patterns of error between uploaded and modelled values of satellite clock and ephemeris parameters,Indian Space Research Organisation (ISRO),,Software,Open Innovation,Develop AI/ML models to predict time-varying errors in satellite clock and ephemeris parameters for GNSS satellites using a seven-day dataset to predict errors at 15-minute intervals focusing on accuracy across various prediction horizons.,true,,169
Use of mobile phone measurements to provide safe autonomous navigation on the roads,Indian Space Research Organisation (ISRO),,Software,Transportation,Develop a positioning algorithm using raw measurement data from Android mobile phones to enable safe autonomous navigation sharing navigation data between phones detecting proximity and potential collisions and generating warnings in real-time.,true,,170
Short term forecast of gaseous air pollutants ground-level O3 and NO2 using satellite and reanalysis data,Indian Space Research Organisation (ISRO),,Software,Waste Management,Develop a short-term forecasting model for ground-level ozone and nitrogen dioxide in urban areas like Delhi using satellite data and reanalysis data preprocessing data training machine learning models and evaluating against ground-based measurements.,true,,171
Quantum Secure Email Client Application,Indian Space Research Organisation (ISRO),,Software,Open Innovation,Develop a secure email client application QuMail integrating Quantum Key Distribution to enhance email security compatible with existing email servers allowing users to exchange emails with attachments securely over untrusted networks.,true,,172
AI/ML based Auto Evaluation of R&D proposals received at NaCCER CMPDI Ranchi,Ministry of Coal (MoC),,Software,Industry & MSME Innovation,Develop an AI/ML-based system to automate the evaluation of research proposals for NaCCER the R&D arm of CIL assessing novelty performing financial checks and generating objective evaluation scores to replace the time-consuming manual process.,true,,173
Intelligent Mobile Safety Companion for Mine Workers,Ministry of Coal (MoC),,Software,Open Innovation,Develop an AI-powered mobile application to improve safety in Indian mining operations providing role-based safety prompts engaging safety videos and a hazard reporting module to address safety violations and accidents.,true,,174
Smart PPE Compliance Monitoring and Reporting System for Underground Coal Mines,Ministry of Coal (MoC),,Software,Open Innovation,Develop a smart system to monitor and ensure PPE compliance for mine workers in underground coal mines using computer vision or RFID to verify PPE in real-time generate reports and alert non-compliance improving safety and legal compliance.,true,,175
AI enabled cyber incident and safety web portal for defence,Ministry of Defence (MoD),,Software,Open Innovation,Develop an AI-enabled cyber incident and safety web portal for defense personnel their families and veterans that securely ingests complaints analyzes them using AI/ML provides alerts and mitigation steps and generates risk-ranked dashboards for CERT-Army.,true,,176
Secure closed group communication platform over public mobile communication networks for defence personnel,Ministry of Defence (MoD),,Software,Open Innovation,Develop a secure communication platform for defense personnel and their families operating over public networks with end-to-end encryption controlled group membership and prevention of data leakage.,true,,177
AI-Powered DPR Quality Assessment and Risk Prediction System for MDoNER,Ministry of Development of North Eastern Region (MoDoNER),,Software,Industry & MSME Innovation,Develop an AI-powered system to assess quality of Detailed Project Reports for infrastructure projects using NLP and ML to analyze DPRs identify gaps predict risks and provide a user-friendly dashboard for decision-makers.,true,,178
Design of a Sustainable Low-Cost Geocell Road System for Landslide-Prone Rural Areas in North East India,Ministry of Development of North Eastern Region (MoDoNER),,Hardware,Transportation,Design a sustainable and low-cost geocell road system for landslide-prone rural areas in North East India utilizing locally available materials withstanding harsh conditions and being deployable by local communities to improve road stability and rural connectivity.,true,,179
Hot metal and Steel Ladle Tracking by auto capturing Ladle numbers and displaying location,Ministry of Steel (MoS),,Hardware,Industry & MSME Innovation,Automate the tracking of hot metal and steel ladles in steel plants by automatically capturing their numbers and displaying real-time location to replace manual tracking improve efficiency and enable better decision-making based on ladle usage data.,true,,180
Torpedo Ladle Container Position feedback and control of over tilting based on TLC balance Hot metal,Ministry of Steel (MoS),,Hardware,Industry & MSME Innovation,Develop a system to provide operators with real-time display of the Torpedo Ladle Car tilt position for safer and more controlled pouring operations addressing the lack of real-time tilt position feedback and preventing spillage or overfilling.,true,,181
AI-Based Dynamic Contact Resistance Measurement Analysis for EHV Circuit Breakers,Ministry of Power (MoP),,Software,Industry & MSME Innovation,Develop an AI-driven diagnostic framework for EHV circuit breakers using Dynamic Contact Resistance Measurement data to analyze DCRM signatures detect abnormalities predict potential faults and provide maintenance recommendations for power transmission systems.,true,,182
AI-Driven Frequency Response Analysis for Transformer Diagnostics via Unified Multi-Format Software,Ministry of Power (MoP),,Software,Industry & MSME Innovation,Develop an AI-powered software to analyze Frequency Response Analysis data from power transformers to detect faults handling various data formats performing automated analysis using machine learning and providing actionable insights for maintenance.,true,,183
Development of AI/ML enabled Digital Twin for EHV 400/220 kV Substation,Ministry of Power (MoP),,Software,Industry & MSME Innovation,Develop an AI/ML-enabled Digital Twin for EHV substations to improve monitoring diagnostics and optimization integrating diverse data sources modeling asset behavior and creating a visualization interface for operational insights.,true,,184
Predicting Project Costs and Timeline,Ministry of Power (MoP),,Software,Industry & MSME Innovation,Develop a machine learning model for POWERGRID to predict cost and timeline overruns for its projects identifying key factors and dependencies impacting project completion to avoid delays in projects of national importance.,true,,185
Forecasting materials demand with machine learning for supply chain planning procurement and inventory optimization,Ministry of Power (MoP),,Software,Industry & MSME Innovation,Develop a solution for forecasting material demand for Power Grid projects predicting material quantities based on factors like budget project locations and taxes to minimize costs avoid project delays and optimize supply chain planning.,true,,186
Intelligent Recommendation System for Personalized Individual Development Plans,Ministry of Power (MoP),,Software,Industry & MSME Innovation,Create an AI-powered system to generate personalized Individual Development Plans for employees at Power Grid Corporation of India analyzing employee profiles and target role requirements to identify skill gaps and recommend tailored development activities.,true,,187
Smart Helpdesk Ticketing Solution for IT Services,Ministry of Power (MoP),,Software,Industry & MSME Innovation,Develop a centralized AI-powered helpdesk ticketing system for POWERGRID to improve employee satisfaction by unifying ticket submission automating resolution integrating with existing platforms classifying tickets using NLP and intelligently routing them.,true,,188
Surveillance during extreme weather condition,Ministry of Home Affairs (MHA),,Hardware,Open Innovation,Design a portable surveillance camera capable of operating in adverse weather conditions like fog haze and darkness to identify human-sized targets at significant distances transmit live video record data and integrate with augmented reality displays.,true,,189
AI and ML enabled video analysis and interpretation,Ministry of Home Affairs (MHA),,Software,Open Innovation,Develop an AI/ML-powered software solution to automate video analysis from surveillance systems identifying objects tracking movements with minimal human intervention to analyze vast amounts of video data and identify potential threats.,true,,190
AI-based UFDR Universal Forensic Extraction Device Report Analysis Tool,Ministry of Home Affairs (MHA),,Software,Open Innovation,Develop an AI-based tool for law enforcement to analyze UFDR reports containing large amounts of data from digital devices allowing investigators to use natural language queries to search data highlight key findings and generate easy-to-understand reports.,true,,191
AI-Powered Personalized Learning Path Generator,Ministry of Skill Development and Entrepreneurship (MSDE),,Software,Education,Develop an AI-powered system to generate personalized learning paths for vocational training in India considering learners' profiles career aspirations and industry demands recommending courses micro-credentials and training opportunities with continuous updates.,true,,192
Blockchain-Based Skill Credentialing System,Ministry of Skill Development and Entrepreneurship (MSDE),,Software,Open Innovation,Develop a blockchain-based platform for issuing and verifying vocational skill certificates in India addressing forgery and delays enhancing trust and interoperability with secure tamper-proof digital credentials integrated with existing national platforms.,true,,193
IoT and AI-Enabled Skill Training Equipment Monitoring,Ministry of Skill Development and Entrepreneurship (MSDE),,Software,Industry & MSME Innovation,Design and implement an IoT and AI-based system to monitor vocational training equipment in real-time tracking usage health parameters detecting faults enabling predictive maintenance and providing usage analytics to improve training quality and reduce costs.,true,,194
Micro-Credential Aggregator Platform,Ministry of Skill Development and Entrepreneurship (MSDE),,Software,Education,Create a Micro-Credential Aggregator Platform to consolidate and manage micro-credentials from various sources providing a unified learner profile enabling validation stackability and easy access for employers and institutions.,true,,195
AI-Powered Multilingual Content Localization Engine for Skill Courses,Ministry of Skill Development and Entrepreneurship (MSDE),,Software,Education,Develop an AI-powered multilingual content localization engine for vocational training materials in India translating and adapting content into multiple Indian languages considering cultural contexts and industry-specific terminology.,true,,196
Robotic Floating Hyperspectral Radiometer Platform for Monitoring Chlorophyll and Plastic Pollution in Aquatic Environments,Ministry of Earth Sciences (MoES),,Hardware,Open Innovation,Develop a robotic floating platform equipped with a hyperspectral radiometer to monitor chlorophyll concentration and detect plastic pollution in aquatic environments collecting spectral data and providing real-time data for water quality monitoring and pollution mapping.,true,,197
Cybersecurity Framework for Rural Digital Banking,Government of Odisha,,Software,Open Innovation,Develop a cybersecurity framework for digital banking in rural areas focusing on fraud detection and user authentication that is lightweight and compatible with low-end devices and limited internet connectivity.,true,,198
Application of EHS Simba drills for safer faster alternative to conventional pneumatic drilling in underground mining,Ministry of Mines,,Hardware,Open Innovation,Replace conventional pneumatic Simba drills with Electric Hydraulic System based drills in underground mining to improve drilling speed safety energy efficiency and compatibility with automation compared to older technology.,true,,199
Prashiskshan - An app for Academia Industry Interface,Government of Jammu and Kashmir,,Software,Education,Develop an app to streamline the internship process through student-industry-college tie-up under the New Education Policy NEP 2020 addressing the failure of internship systems in colleges.,true,,200
AI/ML-based Decision Support System for optimizing rake formation strategies for SAIL from Bokaro Steel Plant,Ministry of Steel,,Software,Industry & MSME Innovation,Develop an AI/ML-based decision support system to optimize rake formation strategies for SAIL focusing on movements from Bokaro Steel Plant dynamically forming optimal rake plans minimizing logistics costs and ensuring efficient material allocation.,true,,201
AI-Enabled Logistics Optimizer for Cost-Optimal Vessel Scheduling and Port-Plant Linkage in Steel Supply Chain,Ministry of Steel,,Software,Transportation,Develop an AI-powered system to optimize vessel scheduling and port-plant logistics for a steel supply chain minimizing transportation costs handling various constraints predicting delays and integrating data from existing sources.,true,,202
Efficient Energy use in Iron Ore Mining Operations,Ministry of Steel,,Software,Open Innovation,Improve energy efficiency in iron ore mining operations specifically in crushing and grinding processes to reduce energy consumption operational costs and environmental impact through AI-driven optimization process simulation and renewable energy integration.,true,,203
Development of a Virtual Reality Simulator for Training in Chemical Disaster Response,Ministry of Home Affairs (MHA),,Software,Open Innovation,Develop a Virtual Reality simulator to train NDRF personnel in handling chemical disasters replicating realistic environments allowing trainees to practice critical skills without real-world danger supporting multi-user training performance evaluation and scenario customization.,true,,204
Structural Stability Assessment Tool for Collapsed Structures,Ministry of Home Affairs (MHA),,Software,Open Innovation,Develop a mobile or simulation-based tool to assess structural stability of collapsed buildings during disaster scenarios helping determine safe entry points estimate load-bearing capacity and identify hazards with GIS integration photo upload and offline functionality.,true,,205
Integrated Wearable Device for Real-Time Monitoring of Vital Parameters Gas Exposure and Fatigue,Ministry of Home Affairs (MHA),,Hardware,Open Innovation,Develop a wearable device for real-time monitoring of vital signs gas exposure and fatigue in rescue operations transmitting data wirelessly providing alerts and storing data for post-operation analysis to improve responder safety in hazardous environments.,true,,206
Development of Radar-Based Living Person Detection System for Use Under the Rubble,Ministry of Home Affairs (MHA),,Hardware,Open Innovation,Develop a portable radar-based system to detect living persons trapped under rubble after disasters effective in various conditions capable of detecting vital signs through debris to aid rescue operations with rapid and accurate life detection.,true,,207
Low-Cost Decentralized Smart Air Purification and Monitoring System for Delhi-NCR,AICTE,,Hardware,Waste Management,Design and develop a low-cost decentralized smart air purification and monitoring system for the Delhi-NCR region measuring air pollutants identifying pollution sources and providing localized air purification using IoT-enabled adaptive filters.,true,,208
AI-Driven Pollution Source Identification Forecasting and Policy Dashboard for Delhi-NCR,AICTE,,Software,Waste Management,Develop a software platform to identify pollution sources in Delhi-NCR forecast air quality and provide a policy dashboard using AI/ML satellite data and sensor data to offer insights to citizens and policymakers for evidence-based interventions.,true,,209
Cognitive Opportunistic LEO-PNT Receiver System,Ministry of Defence (MoD),,Hardware,Open Innovation,Develop a Cognitive Opportunistic LEO-PNT receiver system to utilize signals of opportunity from LEO satellites for accurate positioning navigation and timing services overcoming vulnerabilities of traditional PNT systems by leveraging signals from various mega-constellations.,true,,210
Screening Tool for Early Detection of Neurological Conditions,Ministry of Science and Technology,,Software,Health,Develop a low-cost accessible screening tool for early detection of neurological conditions like Parkinson's and Alzheimer's that is non-invasive easy to use by primary healthcare workers and functions in resource-limited settings providing actionable referral outputs.,true,,211
Mobile-based EHR Companion for ASHA Workers in Low-Internet Areas,Ministry of Science and Technology,,Software,Health,Develop a mobile application for ASHA workers in rural India to manage electronic health records in areas with limited internet connectivity functioning offline storing data securely syncing automatically when internet is available and supporting local languages and voice input.,true,,212
Digital Contact Tracing and Screening Tool for MDR Pathogens in Hospitals,Ministry of Science and Technology,,Software,Health,Develop a digital solution to trace contacts and screen for Multi-Drug Resistant pathogens in hospitals leveraging hospital data patient interactions and real-time inputs to identify potential outbreaks early and suggest containment protocols.,true,,213
VR and Eye-Tracking Solution to Capture Customer Reactions for EV Product Design,Ministry of Science and Technology,,Hardware,Open Innovation,Create a VR experience with eye-tracking to capture customer reactions to EV designs gathering data on gaze patterns and attention to improve ergonomics aesthetics and user experience simulating EV models and generating heatmaps and analytics.,true,,214
Digital Twin for CO2 Capture in Urban Settings,Ministry of Science and Technology,,Software,Waste Management,Create a digital twin for an urban area to simulate CO2 emissions dispersion and capture methods designing a software prototype that models CO2 flow integrates sensor data and evaluates different capture strategies to support urban planning.,true,,215
Rare-Earth-Free High-Efficiency Motors,Ministry of Science and Technology,,Hardware,Open Innovation,Develop high-efficiency electric motors that do not rely on rare-earth magnets creating a motor with comparable or superior performance using alternative materials and designs with students expected to design and validate a prototype motor concept.,true,,216
Stealth Coating for Defense Assets,Ministry of Science and Technology,,Hardware,Open Innovation,Develop an indigenous cost-effective stealth coating for defense assets to reduce radar cross-section and infrared signatures that is durable weather-resistant and field-deployable with a lab-scale formulation demonstrating effectiveness.,true,,217
Low-Cost Hydrogen Storage Cylinder,Ministry of Science and Technology,,Hardware,Open Innovation,Design a cost-effective lightweight and safe hydrogen storage cylinder to promote hydrogen as a clean energy source utilizing new materials or fabrication techniques to reduce costs and meet safety standards.,true,,218
AI Tool for Early-Stage Dementia Detection,Ministry of Science and Technology,,Software,Health,Develop an AI-based screening tool to detect early signs of dementia by analyzing speech behavior and cognitive patterns providing risk scores for clinical referral as a mobile or web-based cognitive screening application.,true,,219
Cloudburst Early Warning and Alarm System,Ministry of Science and Technology,,Software,Open Innovation,Develop a real-time early warning system for cloudbursts in hilly regions utilizing sensor networks weather radar data and AI to predict rainfall anomalies and alert local authorities and residents.,true,,220
Cryptocurrency address collection and categorization system,National Technical Research Organisation (NTRO),,Software,Open Innovation,Create a system to collect and categorize cryptocurrency addresses from various online sources associating them with suspect entities through internet scraping data storage and providing an analytical front-end for querying data and exporting results.,true,,221
Identification of URL based attacks from IP data,National Technical Research Organisation (NTRO),,Software,Open Innovation,Develop a system to identify URL-based cyberattacks using IP data detecting various attack types visualizing results allowing data export and ingesting external PCAP data for attack identification.,true,,222
Identification and protection of Virtual Network Computing VNC based data exfiltration attacks,National Technical Research Organisation (NTRO),,Software,Open Innovation,Develop a system that simulates various data exfiltration scenarios using TigerVNC and RealVNC and suggests defense mechanisms to detect and prevent data exfiltration attacks using Virtual Network Computing servers.,true,,223
Design and build a multimodal Retrieval-Augmented Generation RAG system using LLM for OFFLINE mode,National Technical Research Organisation (NTRO),,Software,Open Innovation,Build a multimodal RAG system that can ingest index and query diverse data formats like DOC PDF images and audio recordings supporting natural language queries generating grounded summaries with a unified query interface and cross-format search in offline mode.,true,,224
Detection of Open Crust Mining Activity and 3D visualization,National Technical Research Organisation (NTRO),,Software,Open Innovation,Develop a software tool to automatically detect and visualize open crust mining activity from satellite imagery identifying mining areas calculating mining depth and volume generating reports with 3D visualization and an interactive mapping platform integration.,true,,225
Automated Vulnerability Assessment and Penetration Testing tool for CCTV cameras and DVRs,National Technical Research Organisation (NTRO),,Software,Open Innovation,Develop an automated Vulnerability Assessment and Penetration Testing tool for CCTV cameras and DVRs scanning for vulnerabilities simulating attacks and using machine learning for anomaly detection and vulnerability prediction.,true,,226
Centralized Vulnerability Detection and Intelligent Query Interface,National Technical Research Organisation (NTRO),,Software,Open Innovation,Develop a centralized vulnerability detection system with a web GUI integrating various scanning tools aggregating scan results correlating them with threat intelligence and providing a RAG-based chatbot for natural language queries on vulnerabilities.,true,,227
Portable log analysis tool for isolated network,National Technical Research Organisation (NTRO),,Software,Open Innovation,Develop a portable log analysis tool for isolated networks to monitor cybersecurity events collecting parsing and analyzing logs from various sources without relying on external services with offline functionality multi-source log collection and reporting capabilities.,true,,228
Application software to obfuscate object file using Low Level Virtual Machine LLVM,National Technical Research Organisation (NTRO),,Software,Open Innovation,Develop an application that obfuscates object files generated from C and C++ code using LLVM generating obfuscated binaries for Windows and Linux making them difficult to reverse engineer and providing a report detailing the obfuscation process.,true,,229
Multi-Platform System Hardening Tool,National Technical Research Organisation (NTRO),,Software,Open Innovation,Develop an automated cross-platform security hardening tool that assesses enforces and reports compliance for operating systems including Windows Ubuntu and CentOS to replace the manual time-consuming and error-prone hardening process.,true,,230
Development of Threat rules in ELK Stack for detecting Advanced Persistent Threats APTs,National Technical Research Organisation (NTRO),,Software,Open Innovation,Develop threat rules within an ELK stack Elasticsearch Logstash Kibana to detect Advanced Persistent Threats by analyzing log data from various sources to identify suspicious activities indicative of APT attacks using APT samples for realistic data generation.,true,,231
AI/ML-Based Identification of Cryptographic Primitives and Protocols in Multi-Architecture Firmware Binaries,National Technical Research Organisation (NTRO),,Software,Open Innovation,Develop an AI/ML-based framework to automatically identify and analyze cryptographic primitives and protocols within firmware binaries across various architectures detecting known and proprietary crypto implementations and identifying protocol patterns in black-box firmware.,true,,232
AI/ML based text-to-text machine translation from Nepalese and Sinhalese to English,National Technical Research Organisation (NTRO),,Software,Open Innovation,Develop AI/ML-based software to translate printed text from Nepalese and Sinhalese languages into English to make literature accessible to a wider audience overcoming the limitations of manual translation.,true,,233
Empowering Gram Panchayats to manage daily Operation and Maintenance of Rural Piped Water Supply Systems using low-cost digital tools,Ministry of Jal Shakti (MoJS),,Software,Open Innovation,Empower Gram Panchayats to manage rural piped water supply systems using low-cost digital tools for monitoring preventive maintenance and water quality checks to improve functionality efficiency and sustainability of these systems.,true,,234
Deep learning based Audio Language Model that can Listen Think and Understand speech and non-speech,Ministry of Defence (MoD),,Software,Industry & MSME Innovation,Develop an Audio Language Model that can understand both speech and non-speech audio signals capable of speech recognition audio event detection speaker diarization and paralinguistic analysis using a dataset including Asian languages.,true,,235
AI-Based Underwater Image Enhancement System for Increased Maritime Security,Ministry of Defence (MoD),,Software,Open Innovation,Develop an AI-driven system to enhance underwater images for improved maritime security addressing low visibility and color distortion to enable better threat detection and reconnaissance deployable on edge devices for real-time image enhancement.,true,,236
User and Entity Behaviour Analytics UEBA for internal threat identification,Ministry of Defence (MoD),,Software,Open Innovation,Develop a UEBA solution leveraging machine learning to detect anomalies in user behavior to identify internal threats within an organization overcoming the limitations of traditional security tools.,true,,237
Automated Comprehensive Technology Intelligence and Forecasting Platform,Ministry of Defence (MoD),,Software,Industry & MSME Innovation,Develop an automated platform for DRDO to gather and analyze technology intelligence forecast trends and aid strategic decision-making integrating data from various sources providing real-time updates and generating forecasts to replace time-consuming manual methods.,true,,238
AI-powered monitoring of crop health soil condition and pest risks using multispectral imaging and sensor data,MathWorks India Pvt. Ltd.,,Software,Education,Develop an AI-powered platform for monitoring crop health soil conditions and pest risks using multispectral/hyperspectral imaging and sensor data integrating remote sensing to provide timely insights and actionable alerts for proactive crop management using AI ML and DL techniques.,true,,94
Accelerating High-Fidelity Road Network Modeling for Indian Traffic Simulations,MathWorks India Pvt. Ltd.,,Software,Transportation,Develop toolsets and workflows to accelerate creation of detailed digital twins of Indian road networks for realistic traffic simulations incorporating features like potholes and erratic driver behavior to improve traffic management and infrastructure planning.,true,,95